1.6	Eukaryota	Fungi	Ascomycota	Saccharomycetes	Saccharomycetales	Saccharomycetaceae		
0.92	Bacteria		Proteobacteria	Gammaproteobacteria	Enterobacterales	Enterobacteriaceae		
12.68	Bacteria		Firmicutes	Bacilli	Lactobacillales	Leuconostocaceae	Leuconostoc	
0.62	Bacteria		Firmicutes	Bacilli	Bacillales	Staphylococcaceae		
1.57	Bacteria		Proteobacteria	Gammaproteobacteria	Enterobacterales	Enterobacteriaceae		
2.25	Eukaryota	Fungi	Ascomycota	Saccharomycetes	Saccharomycetales	Saccharomycetaceae	Saccharomyces	
1.66	Eukaryota	Fungi	Ascomycota	Saccharomycetes	Saccharomycetales	Saccharomycetaceae		
0.59	Eukaryota	Metazoa	Chordata	Mammalia	Primates	Cebidae	Sapajus	Sapajus apella
1.55	Eukaryota	Fungi	Basidiomycota	Tremellomycetes	Tremellales	Cryptococcaceae		
0.62	Eukaryota	Fungi	Ascomycota	Saccharomycetes	Saccharomycetales	Saccharomycetaceae		
3.28	Eukaryota	Fungi	Ascomycota	Saccharomycetes	Saccharomycetales	Saccharomycetaceae	Saccharomyces	
1.23	Eukaryota	Fungi	Ascomycota	Saccharomycetes	Saccharomycetales	Saccharomycetaceae		
0.55	Eukaryota	Fungi	Ascomycota	Saccharomycetes	Saccharomycetales	Saccharomycetaceae	Saccharomyces	
1.84	Eukaryota	Fungi	Ascomycota	Saccharomycetes	Saccharomycetales	Saccharomycetaceae		
2.67	Eukaryota	Fungi	Ascomycota	Saccharomycetes	Saccharomycetales	Saccharomycetaceae		
0.46	Eukaryota	Fungi	Ascomycota	Saccharomycetes	Saccharomycetales	Saccharomycetaceae		
0.74	Eukaryota	Fungi	Ascomycota	Saccharomycetes	Saccharomycetales	Saccharomycetaceae		
1.88	Eukaryota	Fungi	Ascomycota	Saccharomycetes	Saccharomycetales	Saccharomycetaceae		
2.26	Eukaryota	Fungi	Ascomycota	Saccharomycetes	Saccharomycetales	Saccharomycetaceae		
1.31	Eukaryota	Fungi	Ascomycota	Saccharomycetes	Saccharomycetales	Saccharomycetaceae		
4.39	Eukaryota	Fungi	Ascomycota	Saccharomycetes	Saccharomycetales	Saccharomycetaceae	Saccharomyces	
1.1	Bacteria		Proteobacteria	Gammaproteobacteria	Enterobacterales	Enterobacteriaceae		
1.02	Bacteria		Firmicutes	Bacilli	Bacillales	Staphylococcaceae		
1.73	Eukaryota	Fungi	Ascomycota	Saccharomycetes	Saccharomycetales	Saccharomycetaceae		
2.17	Bacteria		Proteobacteria	Gammaproteobacteria	Enterobacterales	Enterobacteriaceae		
0.98	Eukaryota	Fungi	Ascomycota	Saccharomycetes	Saccharomycetales	Saccharomycetaceae		
2.12	Eukaryota	Fungi	Ascomycota	Saccharomycetes	Saccharomycetales	Saccharomycetaceae		
0.94	Bacteria		Proteobacteria	Gammaproteobacteria	Enterobacterales	Enterobacteriaceae		
0.54	Eukaryota	Fungi	Ascomycota	Saccharomycetes	Saccharomycetales	Saccharomycetaceae	Saccharomyces	
0.54	Eukaryota	Fungi	Ascomycota	Saccharomycetes	Saccharomycetales	Saccharomycetaceae		
2.67	Eukaryota	Fungi	Ascomycota	Saccharomycetes	Saccharomycetales	Saccharomycetaceae		
1.97	Eukaryota	Fungi	Ascomycota	Saccharomycetes	Saccharomycetales	Saccharomycetaceae		
0.8	Eukaryota	Fungi	Ascomycota	Saccharomycetes	Saccharomycetales	Saccharomycetaceae		
2.06	Bacteria		Firmicutes	Bacilli	Bacillales	Listeriaceae		
1.4	Eukaryota	Fungi	Ascomycota	Saccharomycetes	Saccharomycetales	Saccharomycetaceae		
0.86	Eukaryota	Fungi	Ascomycota	Saccharomycetes	Saccharomycetales	Saccharomycetaceae		
0.86	Eukaryota	Fungi	Ascomycota	Saccharomycetes	Saccharomycetales	Saccharomycetaceae	Saccharomyces	
0.66	Eukaryota	Fungi	Ascomycota	Saccharomycetes	Saccharomycetales	Saccharomycetaceae		
1.55	Eukaryota	Fungi	Ascomycota	Saccharomycetes	Saccharomycetales	Saccharomycetaceae		
1.21	Eukaryota	Fungi	Ascomycota	Saccharomycetes	Saccharomycetales	Saccharomycetaceae		
0.82	Eukaryota	Fungi	Ascomycota	Saccharomycetes	Saccharomycetales	Saccharomycetaceae		
0.61	Eukaryota	Fungi	Ascomycota	Saccharomycetes	Saccharomycetales	Saccharomycetaceae		
3.43	Eukaryota	Fungi	Ascomycota	Saccharomycetes	Saccharomycetales	Saccharomycetaceae	Saccharomyces	
0.7	Eukaryota	Fungi	Ascomycota	Saccharomycetes	Saccharomycetales	Saccharomycetaceae	Saccharomyces	
1.7	Eukaryota	Fungi	Ascomycota	Saccharomycetes	Saccharomycetales	Saccharomycetaceae		
1.73	Eukaryota	Fungi	Ascomycota	Saccharomycetes	Saccharomycetales	Saccharomycetaceae		
1.62	Eukaryota	Fungi	Ascomycota	Saccharomycetes	Saccharomycetales	Saccharomycetaceae		
2.23	Eukaryota	Fungi	Ascomycota	Saccharomycetes	Saccharomycetales	Saccharomycetaceae		
1.92	Eukaryota	Fungi	Ascomycota	Saccharomycetes	Saccharomycetales	Saccharomycetaceae		
5.68	Eukaryota	Fungi	Ascomycota	Saccharomycetes	Saccharomycetales	Saccharomycetaceae	Saccharomyces	Saccharomyces cerevisiae
1.28	Bacteria		Proteobacteria	Gammaproteobacteria	Enterobacterales	Enterobacteriaceae		
0.6	Bacteria		Proteobacteria	Gammaproteobacteria	Enterobacterales	Enterobacteriaceae		
1.6	Eukaryota	Fungi	Ascomycota	Saccharomycetes	Saccharomycetales	Saccharomycetaceae		
1.12	Eukaryota	Fungi	Ascomycota	Saccharomycetes	Saccharomycetales	Saccharomycetaceae		
0.66	Bacteria		Proteobacteria	Gammaproteobacteria	Pseudomonadales	Pseudomonadaceae		
6.84	Bacteria		Firmicutes	Bacilli	Lactobacillales	Lactobacillaceae	Limosilactobacillus	
1.07	Bacteria		Proteobacteria	Gammaproteobacteria	Enterobacterales	Enterobacteriaceae		
0.8	Bacteria		Firmicutes	Bacilli	Bacillales	Bacillaceae		
2.93	Bacteria		Firmicutes	Bacilli	Bacillales	Listeriaceae		
6.01	Bacteria		Proteobacteria	Gammaproteobacteria	Enterobacterales	Enterobacteriaceae		
1.93	Eukaryota	Fungi	Basidiomycota	Tremellomycetes	Tremellales	Cryptococcaceae		
18.48	Bacteria		Firmicutes	Bacilli	Lactobacillales	Enterococcaceae	Enterococcus	Enterococcus faecalis
4.22	Bacteria		Firmicutes	Bacilli	Lactobacillales	Enterococcaceae		
2.26	Eukaryota	Fungi	Basidiomycota	Tremellomycetes	Tremellales	Cryptococcaceae		
4.39	Eukaryota	Fungi	Basidiomycota	Tremellomycetes	Tremellales	Cryptococcaceae		
0.85	Eukaryota	Fungi	Ascomycota	Saccharomycetes				
11.76	Bacteria		Proteobacteria	Gammaproteobacteria	Enterobacterales	Enterobacteriaceae		
20.12	Eukaryota	Fungi	Basidiomycota	Tremellomycetes	Tremellales	Cryptococcaceae	Cryptococcus	Cryptococcus neoformans
1.65	Eukaryota	Fungi	Ascomycota	Saccharomycetes	Saccharomycetales	Saccharomycetaceae		
0.95	Bacteria		Firmicutes	Bacilli	Bacillales	Staphylococcaceae		
2.03								
2.52								
3.12	Eukaryota	Fungi	Ascomycota	Saccharomycetes	Saccharomycetales	Saccharomycetaceae	Saccharomyces	
0.58	Eukaryota	Fungi	Ascomycota	Saccharomycetes	Saccharomycetales	Saccharomycetaceae	Saccharomyces	
2.28	Eukaryota	Fungi	Ascomycota	Saccharomycetes	Saccharomycetales	Saccharomycetaceae	Saccharomyces	
4.43	Eukaryota	Fungi	Ascomycota	Saccharomycetes	Saccharomycetales	Saccharomycetaceae	Saccharomyces	
1.04	Eukaryota	Fungi	Ascomycota	Saccharomycetes	Saccharomycetales	Saccharomycetaceae		
1.85	Bacteria		Proteobacteria	Gammaproteobacteria	Enterobacterales	Enterobacteriaceae		
0.75	Eukaryota	Fungi	Ascomycota	Saccharomycetes	Saccharomycetales	Saccharomycetaceae		
1.05	Bacteria		Proteobacteria	Gammaproteobacteria	Enterobacterales	Enterobacteriaceae		
0.66	Eukaryota	Fungi	Ascomycota	Saccharomycetes	Saccharomycetales	Saccharomycetaceae	Saccharomyces	
1.34	Eukaryota	Fungi	Ascomycota	Saccharomycetes	Saccharomycetales	Saccharomycetaceae		
0.58	Eukaryota	Fungi	Ascomycota	Saccharomycetes	Saccharomycetales	Saccharomycetaceae		
0.64	Eukaryota	Fungi	Ascomycota	Saccharomycetes	Saccharomycetales	Saccharomycetaceae		
2.01	Eukaryota	Fungi	Ascomycota	Saccharomycetes	Saccharomycetales	Saccharomycetaceae		
1.19	Eukaryota	Fungi	Ascomycota	Saccharomycetes	Saccharomycetales	Saccharomycetaceae		
1.87	Eukaryota	Fungi	Ascomycota	Saccharomycetes	Saccharomycetales	Saccharomycetaceae		
1.31	Eukaryota	Fungi	Ascomycota	Saccharomycetes	Saccharomycetales	Saccharomycetaceae		
1.05	Eukaryota	Fungi	Ascomycota	Saccharomycetes	Saccharomycetales	Saccharomycetaceae		
2.51	Eukaryota	Fungi	Ascomycota	Saccharomycetes	Saccharomycetales	Saccharomycetaceae		
0.97	Eukaryota	Fungi	Ascomycota	Saccharomycetes	Saccharomycetales	Saccharomycetaceae		
1.51	Eukaryota	Fungi	Ascomycota	Saccharomycetes	Saccharomycetales	Saccharomycetaceae		
1.32	Eukaryota	Fungi	Ascomycota	Saccharomycetes	Saccharomycetales	Saccharomycetaceae		
3.62	Eukaryota	Fungi	Ascomycota	Saccharomycetes	Saccharomycetales	Saccharomycetaceae		
2.29	Eukaryota	Fungi	Ascomycota	Saccharomycetes	Saccharomycetales	Saccharomycetaceae		
0.61	Bacteria		Firmicutes	Bacilli	Bacillales	Staphylococcaceae		
0.83	Eukaryota	Fungi	Ascomycota	Saccharomycetes	Saccharomycetales	Saccharomycetaceae		
1.44	Eukaryota	Fungi	Ascomycota	Saccharomycetes	Saccharomycetales	Saccharomycetaceae		
0.92	Eukaryota	Fungi	Ascomycota	Saccharomycetes	Saccharomycetales	Saccharomycetaceae		
0.77	Eukaryota	Fungi	Ascomycota	Saccharomycetes	Saccharomycetales	Saccharomycetaceae		
4.73	Eukaryota	Fungi	Ascomycota	Saccharomycetes	Saccharomycetales	Saccharomycetaceae	Saccharomyces	
1.62	Eukaryota	Fungi	Ascomycota	Saccharomycetes	Saccharomycetales	Saccharomycetaceae		
4.41	Eukaryota	Fungi	Ascomycota	Saccharomycetes	Saccharomycetales	Saccharomycetaceae	Saccharomyces	
0.83	Eukaryota	Fungi	Ascomycota	Saccharomycetes	Saccharomycetales	Saccharomycetaceae		
0.91	Eukaryota	Fungi	Ascomycota	Saccharomycetes	Saccharomycetales	Saccharomycetaceae		
1.49	Eukaryota	Fungi	Ascomycota	Saccharomycetes	Saccharomycetales	Saccharomycetaceae		
0.59	Bacteria		Proteobacteria	Gammaproteobacteria	Pseudomonadales	Pseudomonadaceae		
187.89	Bacteria		Firmicutes	Bacilli	Lactobacillales	Enterococcaceae	Enterococcus	Enterococcus faecalis
0.58	Bacteria		Firmicutes	Bacilli	Lactobacillales	Lactobacillaceae		
6.74	Bacteria		Proteobacteria	Gammaproteobacteria	Pseudomonadales	Pseudomonadaceae	Pseudomonas	
5.5	Bacteria		Firmicutes	Bacilli	Bacillales	Staphylococcaceae	Mammaliicoccus	
2.59	Eukaryota	Fungi	Ascomycota	Saccharomycetes	Saccharomycetales	Saccharomycetaceae		
0.89	Bacteria		Firmicutes	Bacilli	Bacillales	Staphylococcaceae		
3.39	Eukaryota	Fungi	Ascomycota	Saccharomycetes	Saccharomycetales	Saccharomycetaceae		
4.36	Eukaryota	Fungi	Ascomycota	Saccharomycetes	Saccharomycetales	Saccharomycetaceae	Saccharomyces	
25.31	Bacteria		Proteobacteria	Gammaproteobacteria	Pseudomonadales	Pseudomonadaceae	Pseudomonas	Pseudomonas aeruginosa
2.27	Eukaryota	Fungi	Basidiomycota	Tremellomycetes	Tremellales	Cryptococcaceae		
19.96	Eukaryota	Fungi	Basidiomycota	Tremellomycetes	Tremellales	Cryptococcaceae	Cryptococcus	Cryptococcus neoformans
3.06	Eukaryota	Fungi	Basidiomycota	Tremellomycetes	Tremellales	Cryptococcaceae	Cryptococcus	
3.19	Eukaryota	Fungi	Basidiomycota	Tremellomycetes	Tremellales	Cryptococcaceae		
3.67	Bacteria		Firmicutes	Bacilli	Lactobacillales	Enterococcaceae	Enterococcus	
5.22	Bacteria		Firmicutes	Bacilli	Lactobacillales	Enterococcaceae	Enterococcus	Enterococcus faecalis
0.9	Eukaryota	Metazoa	Chordata	Mammalia	Rodentia	Muridae		
171.09	Bacteria		Proteobacteria	Gammaproteobacteria	Enterobacterales	Enterobacteriaceae	Salmonella	Salmonella enterica
6.33	Eukaryota	Fungi	Basidiomycota	Tremellomycetes	Tremellales	Cryptococcaceae	Cryptococcus	
75.65	Eukaryota	Fungi	Basidiomycota	Tremellomycetes	Tremellales	Cryptococcaceae		
413.0	Eukaryota	Fungi	Basidiomycota	Tremellomycetes	Tremellales	Cryptococcaceae	Cryptococcus	Cryptococcus neoformans
10.41	Bacteria		Proteobacteria	Gammaproteobacteria	Enterobacterales	Enterobacteriaceae	Salmonella	Salmonella enterica
1.3	Eukaryota	Fungi	Basidiomycota	Tremellomycetes	Tremellales	Cryptococcaceae		
98.52	Eukaryota	Fungi	Basidiomycota	Tremellomycetes	Tremellales	Cryptococcaceae		
2.57	Eukaryota	Fungi	Ascomycota	Saccharomycetes	Saccharomycetales	Saccharomycetaceae		
1.64	Eukaryota	Fungi	Ascomycota	Saccharomycetes	Saccharomycetales	Saccharomycetaceae		
2.31	Eukaryota	Fungi	Basidiomycota	Tremellomycetes	Tremellales	Cryptococcaceae		
3.05	Eukaryota	Fungi	Ascomycota	Saccharomycetes	Saccharomycetales	Saccharomycetaceae	Saccharomyces	
0.54	Eukaryota	Fungi	Ascomycota	Saccharomycetes	Saccharomycetales	Saccharomycetaceae		
0.59	Bacteria		Firmicutes	Bacilli	Bacillales	Staphylococcaceae	Staphylococcus	
1.18	Bacteria		Firmicutes	Bacilli	Bacillales	Staphylococcaceae		
1.74	Bacteria		Firmicutes					
0.72	Eukaryota	Fungi	Basidiomycota	Tremellomycetes	Tremellales	Cryptococcaceae		
2.33	Eukaryota	Fungi	Basidiomycota	Tremellomycetes	Tremellales	Cryptococcaceae		
1.68	Eukaryota	Fungi	Basidiomycota	Tremellomycetes	Tremellales	Cryptococcaceae		
9.61	Eukaryota	Fungi	Basidiomycota	Tremellomycetes	Tremellales	Cryptococcaceae	Cryptococcus	Cryptococcus neoformans
4.35	Eukaryota	Fungi	Basidiomycota	Tremellomycetes	Tremellales	Cryptococcaceae	Cryptococcus	
4.53	Eukaryota	Fungi	Basidiomycota	Tremellomycetes	Tremellales	Cryptococcaceae	Cryptococcus	
6.43	Eukaryota	Fungi	Basidiomycota	Tremellomycetes	Tremellales	Cryptococcaceae	Cryptococcus	
5.14	Eukaryota	Fungi	Basidiomycota	Tremellomycetes	Tremellales	Cryptococcaceae	Cryptococcus	
9.63	Eukaryota	Fungi	Basidiomycota	Tremellomycetes	Tremellales	Cryptococcaceae	Cryptococcus	
8.6	Eukaryota	Fungi	Basidiomycota	Tremellomycetes	Tremellales	Cryptococcaceae	Cryptococcus	
4.33	Eukaryota	Fungi	Basidiomycota	Tremellomycetes	Tremellales	Cryptococcaceae	Cryptococcus	
8.84	Eukaryota	Fungi	Basidiomycota	Tremellomycetes	Tremellales	Cryptococcaceae	Cryptococcus	
1.73	Eukaryota	Fungi	Basidiomycota	Tremellomycetes	Tremellales	Cryptococcaceae		
8.38	Eukaryota	Fungi	Basidiomycota	Tremellomycetes	Tremellales	Cryptococcaceae	Cryptococcus	
4.86	Eukaryota	Fungi	Basidiomycota	Tremellomycetes	Tremellales	Cryptococcaceae	Cryptococcus	
0.66	Eukaryota	Fungi	Ascomycota	Saccharomycetes	Saccharomycetales	Debaryomycetaceae		
0.85	Eukaryota	Fungi	Basidiomycota	Tremellomycetes	Tremellales	Cryptococcaceae	Cryptococcus	
0.67	Bacteria		Proteobacteria	Gammaproteobacteria	Enterobacterales			
261.6	Eukaryota	Fungi	Basidiomycota	Tremellomycetes	Tremellales	Cryptococcaceae	Cryptococcus	Cryptococcus neoformans AD hybrid
6.48	Eukaryota	Fungi	Basidiomycota	Tremellomycetes	Tremellales	Cryptococcaceae	Cryptococcus	Cryptococcus neoformans AD hybrid
99.42								synthetic construct
1.32								
0.79								
0.98								
3.86								
0.87								
0.78								
0.41	Eukaryota	Metazoa	Chordata	Mammalia	Artiodactyla	Bovidae	Bos	
352.35	Eukaryota	Fungi	Basidiomycota	Tremellomycetes	Tremellales	Cryptococcaceae	Cryptococcus	Cryptococcus neoformans
1.39	Eukaryota	Fungi	Basidiomycota	Tremellomycetes	Tremellales			
0.51	Eukaryota	Fungi	Basidiomycota	Tremellomycetes	Tremellales	Cryptococcaceae		
1.38	Eukaryota	Fungi	Basidiomycota	Tremellomycetes	Tremellales	Cryptococcaceae		
0.99	Eukaryota	Fungi	Basidiomycota	Tremellomycetes	Tremellales	Cryptococcaceae		
1.5	Eukaryota	Fungi	Basidiomycota	Tremellomycetes	Tremellales			
1.82	Eukaryota	Fungi	Basidiomycota	Tremellomycetes	Tremellales	Cryptococcaceae		
3.68	Eukaryota	Fungi	Basidiomycota	Tremellomycetes	Tremellales	Cryptococcaceae		
3.88	Eukaryota	Fungi	Basidiomycota	Tremellomycetes	Tremellales	Cryptococcaceae		
1.58	Eukaryota	Fungi	Basidiomycota	Tremellomycetes	Tremellales	Cryptococcaceae		
1.07	Eukaryota	Fungi	Basidiomycota	Tremellomycetes	Tremellales	Cryptococcaceae		
0.71	Bacteria							
2.46	Bacteria		Firmicutes	Bacilli	Bacillales	Listeriaceae		
2.39	Eukaryota	Fungi	Ascomycota	Saccharomycetes	Saccharomycetales	Saccharomycetaceae		
2.08	Bacteria		Firmicutes	Bacilli	Bacillales			
2.18	Bacteria		Proteobacteria	Gammaproteobacteria	Enterobacterales	Enterobacteriaceae		
1.27	Eukaryota	Fungi	Ascomycota	Saccharomycetes	Saccharomycetales	Saccharomycetaceae		
2.04	Eukaryota	Fungi	Ascomycota	Saccharomycetes	Saccharomycetales			
1.33	Bacteria		Proteobacteria	Gammaproteobacteria	Enterobacterales	Enterobacteriaceae		
1.49	Bacteria		Firmicutes	Bacilli	Lactobacillales	Lactobacillaceae		
24.26	Bacteria		Firmicutes	Bacilli	Lactobacillales	Lactobacillaceae	Limosilactobacillus	
11.79	Bacteria		Proteobacteria	Gammaproteobacteria	Pseudomonadales			
0.95	Bacteria		Firmicutes	Bacilli	Bacillales	Bacillaceae		
0.96	Bacteria		Firmicutes	Bacilli	Bacillales	Bacillaceae		
1.25	Bacteria		Firmicutes	Bacilli	Lactobacillales	Lactobacillaceae		
2.31	Bacteria		Proteobacteria	Gammaproteobacteria	Enterobacterales	Enterobacteriaceae		
2.33	Bacteria		Firmicutes	Bacilli	Lactobacillales	Lactobacillaceae		
0.68	Bacteria		Proteobacteria	Gammaproteobacteria	Pseudomonadales	Pseudomonadaceae		
38.68	Bacteria		Proteobacteria	Gammaproteobacteria	Enterobacterales	Enterobacteriaceae		
1.91	Bacteria		Proteobacteria	Gammaproteobacteria	Enterobacterales	Enterobacteriaceae		
10.64	Bacteria		Proteobacteria	Gammaproteobacteria	Enterobacterales	Enterobacteriaceae	Salmonella	
0.76	Bacteria		Firmicutes	Bacilli	Lactobacillales	Lactobacillaceae		
0.66	Bacteria		Firmicutes	Bacilli	Lactobacillales	Lactobacillaceae		
0.96	Eukaryota	Fungi						
1.11	Bacteria		Proteobacteria	Gammaproteobacteria	Enterobacterales	Enterobacteriaceae		
1.0	Bacteria		Proteobacteria	Gammaproteobacteria	Enterobacterales	Enterobacteriaceae		
0.71	Eukaryota	Metazoa	Chordata	Mammalia	Perissodactyla			
0.64	Bacteria		Firmicutes	Bacilli	Bacillales	Bacillaceae		
1.02	Bacteria		Firmicutes	Bacilli	Lactobacillales	Lactobacillaceae		
0.49	Eukaryota	Fungi	Ascomycota	Saccharomycetes	Saccharomycetales	Saccharomycetaceae		
6.46	Eukaryota	Fungi	Ascomycota	Saccharomycetes	Saccharomycetales	Saccharomycetaceae	Saccharomyces	Saccharomyces cerevisiae
1.07	Bacteria		Firmicutes	Bacilli	Bacillales	Staphylococcaceae	Staphylococcus	
22.86	Bacteria		Firmicutes	Bacilli	Bacillales	Staphylococcaceae		
2.53	Eukaryota	Fungi	Basidiomycota	Tremellomycetes	Tremellales	Cryptococcaceae	Cryptococcus	
3.46	Viruses		Uroviricota	Caudoviricetes	Caudovirales			
0.96	Bacteria							
1.51	Bacteria		Firmicutes	Bacilli	Lactobacillales	Enterococcaceae		
408.91	Bacteria		Firmicutes	Bacilli	Bacillales	Staphylococcaceae		
2.17	Eukaryota	Fungi	Ascomycota	Saccharomycetes	Saccharomycetales	Saccharomycetaceae		
1.26	Eukaryota	Fungi	Ascomycota	Saccharomycetes	Saccharomycetales	Saccharomycetaceae		
2.01	Eukaryota	Fungi	Ascomycota	Saccharomycetes	Saccharomycetales	Saccharomycetaceae		
0.97	Eukaryota	Fungi	Ascomycota	Saccharomycetes	Saccharomycetales	Saccharomycetaceae		
2.61	Eukaryota	Fungi	Ascomycota	Saccharomycetes	Saccharomycetales	Saccharomycetaceae		
0.74	Bacteria							
45.1	Bacteria		Firmicutes	Bacilli	Lactobacillales	Lactobacillaceae	Limosilactobacillus	
4.0	Eukaryota	Metazoa	Chordata	Mammalia	Rodentia	Muridae	Mus	Mus musculus
1.13	Bacteria		Proteobacteria	Gammaproteobacteria	Enterobacterales	Enterobacteriaceae		
0.96	Bacteria		Proteobacteria	Gammaproteobacteria	Pseudomonadales	Pseudomonadaceae		
1.87	Bacteria							
0.96	Bacteria							
0.69	Bacteria		Firmicutes	Bacilli	Bacillales	Listeriaceae		
38.43	Bacteria		Firmicutes	Bacilli	Lactobacillales	Enterococcaceae	Enterococcus	
19.62	Bacteria		Firmicutes	Bacilli	Lactobacillales	Enterococcaceae	Enterococcus	
1.3	Eukaryota	Fungi	Ascomycota	Saccharomycetes	Saccharomycetales	Saccharomycetaceae		
2.33	Eukaryota	Fungi	Ascomycota	Saccharomycetes	Saccharomycetales	Saccharomycetaceae		
0.78	Eukaryota	Fungi	Ascomycota	Saccharomycetes	Saccharomycetales	Saccharomycetaceae		
1.31	Bacteria		Proteobacteria	Gammaproteobacteria	Enterobacterales	Enterobacteriaceae		
1.49	Eukaryota	Fungi	Ascomycota	Saccharomycetes	Saccharomycetales	Saccharomycetaceae		
7.95	Eukaryota	Fungi	Ascomycota	Saccharomycetes	Saccharomycetales	Saccharomycetaceae	Saccharomyces	
0.9	Bacteria		Proteobacteria	Gammaproteobacteria	Pseudomonadales	Pseudomonadaceae		
0.9	Eukaryota	Fungi	Ascomycota	Saccharomycetes	Saccharomycetales	Saccharomycetaceae		
6.94	Bacteria		Proteobacteria	Gammaproteobacteria	Enterobacterales	Enterobacteriaceae		
3.39	Bacteria		Proteobacteria	Gammaproteobacteria	Pseudomonadales	Pseudomonadaceae		
7.39	Bacteria		Proteobacteria	Gammaproteobacteria	Pseudomonadales	Pseudomonadaceae	Pseudomonas	
0.98								
0.83								
1.59								
0.67	Bacteria							
1.67	Bacteria		Firmicutes	Bacilli	Bacillales	Bacillaceae		
3.87	Eukaryota	Fungi	Ascomycota	Saccharomycetes	Saccharomycetales	Saccharomycetaceae	Saccharomyces	
3.36	Bacteria		Firmicutes	Bacilli	Bacillales	Staphylococcaceae	Staphylococcus	
21.57	Eukaryota	Fungi	Basidiomycota	Tremellomycetes	Tremellales	Cryptococcaceae	Cryptococcus	Cryptococcus neoformans
5.17	Eukaryota	Fungi	Basidiomycota	Tremellomycetes	Tremellales	Cryptococcaceae		
3.25	Bacteria		Proteobacteria	Gammaproteobacteria	Enterobacterales	Enterobacteriaceae		
15.2	Bacteria		Proteobacteria	Gammaproteobacteria	Enterobacterales	Enterobacteriaceae	Escherichia	Escherichia coli
3.42	Eukaryota	Fungi	Ascomycota	Saccharomycetes	Saccharomycetales	Saccharomycetaceae		
1.64	Bacteria		Proteobacteria	Gammaproteobacteria	Pseudomonadales	Pseudomonadaceae		
181.07	Bacteria		Firmicutes	Bacilli	Bacillales	Listeriaceae	Listeria	Listeria monocytogenes
0.95	Bacteria		Firmicutes	Bacilli	Lactobacillales	Lactobacillaceae		
1.77	Eukaryota	Fungi	Basidiomycota	Tremellomycetes	Tremellales	Cryptococcaceae		
0.99	Bacteria							
156.31	Bacteria		Firmicutes	Bacilli	Lactobacillales	Enterococcaceae	Enterococcus	
1.58	Eukaryota	Fungi						
1.19	Eukaryota	Fungi						
1.91	Eukaryota	Fungi	Ascomycota	Saccharomycetes	Saccharomycetales	Saccharomycetaceae		
0.98	Bacteria		Firmicutes	Bacilli	Bacillales	Listeriaceae		
5.26	Eukaryota	Fungi	Basidiomycota	Tremellomycetes	Tremellales	Cryptococcaceae	Cryptococcus	
4.69	Eukaryota	Fungi	Basidiomycota	Tremellomycetes	Tremellales	Cryptococcaceae	Cryptococcus	
2.19	Eukaryota	Fungi	Basidiomycota	Tremellomycetes	Tremellales	Cryptococcaceae	Cryptococcus	Cryptococcus neoformans
3.41	Bacteria		Firmicutes	Bacilli	Bacillales	Listeriaceae		
1.6	Bacteria		Firmicutes	Bacilli	Lactobacillales	Lactobacillaceae		
44.94	Bacteria		Firmicutes	Bacilli	Lactobacillales	Enterococcaceae	Enterococcus	
0.74	Bacteria							
1.58	Bacteria		Firmicutes	Bacilli	Bacillales	Listeriaceae		
0.8	Bacteria							
1.08	Bacteria							
0.97	Bacteria							
180.4	Bacteria		Firmicutes	Bacilli	Bacillales	Staphylococcaceae	Staphylococcus	
18.45	Bacteria		Firmicutes	Bacilli	Lactobacillales	Lactobacillaceae		
17.22	Bacteria		Firmicutes	Bacilli	Bacillales	Staphylococcaceae		
0.85	Bacteria							
1.98	Bacteria							
1.16	Bacteria		Firmicutes	Bacilli	Bacillales	Staphylococcaceae		
0.81	Bacteria		Firmicutes	Bacilli	Lactobacillales	Lactobacillaceae		
0.77	Bacteria		Firmicutes	Bacilli	Lactobacillales	Enterococcaceae		
0.79	Bacteria		Firmicutes	Bacilli	Bacillales	Staphylococcaceae		
1.61	Bacteria		Proteobacteria	Gammaproteobacteria	Pseudomonadales	Pseudomonadaceae		
0.94	Bacteria		Proteobacteria	Gammaproteobacteria	Enterobacterales	Enterobacteriaceae		
1.35	Eukaryota	Fungi	Ascomycota	Saccharomycetes	Saccharomycetales	Saccharomycetaceae		
2.66	Bacteria		Proteobacteria	Gammaproteobacteria	Pseudomonadales	Pseudomonadaceae		
2.74	Bacteria		Proteobacteria	Gammaproteobacteria	Pseudomonadales	Pseudomonadaceae		
0.6	Bacteria							
2.93	Bacteria							
0.72	Bacteria							
1.46	Bacteria							
1.42	Eukaryota	Fungi						
2.13	Bacteria		Proteobacteria	Gammaproteobacteria	Pseudomonadales	Pseudomonadaceae		
0.57	Bacteria		Firmicutes	Bacilli	Lactobacillales	Lactobacillaceae		
1.39	Bacteria		Firmicutes	Bacilli	Lactobacillales	Lactobacillaceae		
0.69	Bacteria		Firmicutes	Bacilli	Lactobacillales	Lactobacillaceae		
27.43	Bacteria		Firmicutes	Bacilli	Lactobacillales	Enterococcaceae	Enterococcus	
3.96	Bacteria		Firmicutes	Bacilli	Bacillales	Listeriaceae	Listeria	
0.98	Bacteria		Proteobacteria	Gammaproteobacteria	Enterobacterales	Enterobacteriaceae		
0.67	Bacteria		Firmicutes	Bacilli	Bacillales	Staphylococcaceae		
0.89	Bacteria							
0.84	Bacteria							
0.81	Bacteria							
0.85	Bacteria							
0.86	Bacteria							
0.68	Bacteria							
1.54	Bacteria							
0.74	Bacteria							
2.63	Bacteria		Proteobacteria	Gammaproteobacteria	Enterobacterales	Enterobacteriaceae		
1.94	Bacteria		Firmicutes	Bacilli	Lactobacillales	Lactobacillaceae		
0.75	Bacteria		Firmicutes	Bacilli	Lactobacillales	Lactobacillaceae		
3.12	Bacteria		Proteobacteria	Gammaproteobacteria	Pseudomonadales	Pseudomonadaceae		
2.4	Viruses		Uroviricota	Caudoviricetes	Caudovirales	Siphoviridae		
7.35								
2.34	Bacteria		Proteobacteria	Gammaproteobacteria	Pseudomonadales	Pseudomonadaceae		
1.63	Bacteria		Firmicutes	Bacilli	Bacillales	Bacillaceae		
0.77	Eukaryota	Fungi						
206.39	Bacteria		Proteobacteria	Gammaproteobacteria	Enterobacterales	Enterobacteriaceae	Salmonella	Salmonella enterica
26.0	Bacteria		Firmicutes	Bacilli	Lactobacillales	Enterococcaceae		
14.17	Bacteria		Proteobacteria	Gammaproteobacteria	Enterobacterales	Enterobacteriaceae	Escherichia	
27.88	Bacteria		Proteobacteria	Gammaproteobacteria	Enterobacterales	Enterobacteriaceae		
19.52	Bacteria		Proteobacteria	Gammaproteobacteria	Enterobacterales	Enterobacteriaceae	Escherichia	
4.38	Bacteria		Proteobacteria	Gammaproteobacteria	Enterobacterales	Enterobacteriaceae	Escherichia	
1.1	Bacteria		Proteobacteria	Gammaproteobacteria	Enterobacterales	Enterobacteriaceae	Escherichia	
1.7	Bacteria		Proteobacteria	Gammaproteobacteria	Enterobacterales	Enterobacteriaceae	Escherichia	
70.95	Bacteria		Proteobacteria	Gammaproteobacteria	Enterobacterales	Enterobacteriaceae	Escherichia	Escherichia coli
6.11	Bacteria		Proteobacteria	Gammaproteobacteria	Enterobacterales	Enterobacteriaceae		
2.16	Bacteria		Proteobacteria	Gammaproteobacteria	Enterobacterales	Enterobacteriaceae	Escherichia	
0.67	Bacteria		Proteobacteria	Gammaproteobacteria	Enterobacterales	Enterobacteriaceae	Escherichia	
6.25	Bacteria		Proteobacteria	Gammaproteobacteria	Enterobacterales	Enterobacteriaceae		
5.81	Bacteria		Proteobacteria	Gammaproteobacteria	Enterobacterales	Enterobacteriaceae		
9.03	Bacteria		Proteobacteria	Gammaproteobacteria	Enterobacterales	Enterobacteriaceae		
2.15	Bacteria		Proteobacteria	Gammaproteobacteria	Enterobacterales	Enterobacteriaceae	Escherichia	
2.3	Bacteria		Proteobacteria	Gammaproteobacteria	Enterobacterales	Enterobacteriaceae		
0.84	Bacteria		Proteobacteria	Gammaproteobacteria	Enterobacterales	Enterobacteriaceae		
0.73	Bacteria		Proteobacteria	Gammaproteobacteria	Enterobacterales	Enterobacteriaceae		
4.67	Bacteria		Proteobacteria	Gammaproteobacteria	Enterobacterales	Enterobacteriaceae		
6.03	Bacteria		Proteobacteria	Gammaproteobacteria	Enterobacterales	Enterobacteriaceae		
13.48	Bacteria		Proteobacteria	Gammaproteobacteria	Enterobacterales	Enterobacteriaceae	Escherichia	
2.14	Bacteria		Proteobacteria	Gammaproteobacteria	Enterobacterales	Enterobacteriaceae		
4.26	Bacteria		Proteobacteria	Gammaproteobacteria	Enterobacterales	Enterobacteriaceae		
0.76	Bacteria		Proteobacteria	Gammaproteobacteria	Enterobacterales	Enterobacteriaceae		
1.69	Bacteria		Proteobacteria	Gammaproteobacteria	Enterobacterales	Enterobacteriaceae		
2.28	Bacteria		Proteobacteria	Gammaproteobacteria	Enterobacterales	Enterobacteriaceae		
27.73	Bacteria		Proteobacteria	Gammaproteobacteria	Enterobacterales	Enterobacteriaceae		
1.02	Bacteria		Proteobacteria	Gammaproteobacteria	Enterobacterales	Enterobacteriaceae		
0.86	Bacteria		Proteobacteria	Gammaproteobacteria	Enterobacterales	Enterobacteriaceae		
5.21	Bacteria		Proteobacteria	Gammaproteobacteria	Enterobacterales	Enterobacteriaceae	Escherichia	
1.03	Bacteria		Proteobacteria	Gammaproteobacteria	Enterobacterales	Enterobacteriaceae		
0.72	Bacteria		Proteobacteria	Gammaproteobacteria	Enterobacterales	Enterobacteriaceae		
0.86	Bacteria		Proteobacteria	Gammaproteobacteria	Enterobacterales	Enterobacteriaceae		
0.8	Bacteria		Proteobacteria	Gammaproteobacteria	Enterobacterales	Enterobacteriaceae		
2.31	Bacteria		Proteobacteria	Gammaproteobacteria	Enterobacterales	Enterobacteriaceae		
2.01	Bacteria		Proteobacteria	Gammaproteobacteria	Enterobacterales	Enterobacteriaceae	Escherichia	
1.29	Bacteria		Proteobacteria	Gammaproteobacteria	Enterobacterales	Enterobacteriaceae		
0.92	Bacteria		Proteobacteria	Gammaproteobacteria	Enterobacterales	Enterobacteriaceae		
1.37	Bacteria		Proteobacteria	Gammaproteobacteria	Enterobacterales	Enterobacteriaceae		
0.75	Bacteria		Proteobacteria	Gammaproteobacteria	Enterobacterales	Enterobacteriaceae		
1.01	Bacteria		Proteobacteria	Gammaproteobacteria	Enterobacterales	Enterobacteriaceae		
3.43	Bacteria		Proteobacteria	Gammaproteobacteria	Enterobacterales	Enterobacteriaceae		
34.83	Bacteria		Firmicutes	Bacilli	Bacillales	Staphylococcaceae	Staphylococcus	
1.45	Bacteria		Firmicutes	Bacilli	Lactobacillales	Lactobacillaceae		
0.51	Bacteria		Firmicutes	Bacilli	Lactobacillales	Lactobacillaceae		
0.63	Bacteria		Firmicutes	Bacilli	Bacillales	Bacillaceae		
64.08	Bacteria		Proteobacteria	Gammaproteobacteria	Enterobacterales	Enterobacteriaceae	Escherichia	Escherichia coli
176.48	Bacteria		Proteobacteria	Gammaproteobacteria	Enterobacterales	Enterobacteriaceae	Escherichia	Escherichia coli
1.93	Eukaryota	Fungi	Ascomycota	Saccharomycetes	Saccharomycetales	Saccharomycetaceae		
2.39	Eukaryota	Fungi	Ascomycota	Saccharomycetes	Saccharomycetales	Saccharomycetaceae		
2.86	Eukaryota	Fungi	Ascomycota	Saccharomycetes	Saccharomycetales	Saccharomycetaceae		
1.28	Eukaryota	Fungi	Ascomycota	Saccharomycetes	Saccharomycetales	Saccharomycetaceae		
1.32	Eukaryota	Fungi	Ascomycota	Saccharomycetes	Saccharomycetales	Saccharomycetaceae		
0.8	Eukaryota	Fungi	Ascomycota	Saccharomycetes	Saccharomycetales	Saccharomycetaceae		
3.58	Eukaryota	Fungi	Ascomycota	Saccharomycetes	Saccharomycetales	Saccharomycetaceae		
0.83	Eukaryota	Fungi	Ascomycota	Saccharomycetes	Saccharomycetales	Saccharomycetaceae		
3.57	Eukaryota	Fungi	Ascomycota	Saccharomycetes	Saccharomycetales	Saccharomycetaceae		
1.72	Eukaryota	Fungi	Ascomycota	Saccharomycetes	Saccharomycetales	Saccharomycetaceae		
2.91	Eukaryota	Fungi	Ascomycota	Saccharomycetes	Saccharomycetales	Saccharomycetaceae		
111.98	Eukaryota	Fungi	Ascomycota	Saccharomycetes	Saccharomycetales	Saccharomycetaceae	Saccharomyces	Saccharomyces cerevisiae
4.42	Eukaryota	Fungi	Ascomycota	Saccharomycetes	Saccharomycetales	Saccharomycetaceae	Saccharomyces	
2.32	Eukaryota	Fungi	Ascomycota	Saccharomycetes	Saccharomycetales	Saccharomycetaceae		
2.49	Eukaryota	Fungi	Ascomycota	Saccharomycetes	Saccharomycetales	Saccharomycetaceae		
1.61	Eukaryota	Fungi	Ascomycota	Saccharomycetes	Saccharomycetales	Saccharomycetaceae		
2.93	Eukaryota	Fungi	Ascomycota	Saccharomycetes	Saccharomycetales	Saccharomycetaceae		
5.38	Bacteria		Proteobacteria	Gammaproteobacteria	Enterobacterales	Enterobacteriaceae	Escherichia	
456.79	Bacteria		Firmicutes	Bacilli	Bacillales	Bacillaceae	Bacillus	Bacillus spizizenii
2.35	Bacteria		Proteobacteria	Gammaproteobacteria	Pseudomonadales	Pseudomonadaceae		
0.51	Viruses		Uroviricota	Caudoviricetes	Caudovirales	Siphoviridae		
1.75	Viruses		Uroviricota	Caudoviricetes	Caudovirales			
1.17	Bacteria		Firmicutes	Bacilli	Bacillales	Staphylococcaceae		
4.02	Bacteria		Proteobacteria	Gammaproteobacteria	Enterobacterales	Enterobacteriaceae		
2.25	Bacteria		Firmicutes	Bacilli	Lactobacillales	Lactobacillaceae		
1.23	Bacteria		Firmicutes	Bacilli	Bacillales	Bacillaceae		
4.07	Eukaryota	Fungi	Ascomycota	Saccharomycetes	Saccharomycetales	Saccharomycetaceae	Saccharomyces	
1.59	Eukaryota	Fungi	Ascomycota	Saccharomycetes	Saccharomycetales	Saccharomycetaceae		
1.26	Eukaryota	Fungi	Ascomycota	Saccharomycetes	Saccharomycetales	Saccharomycetaceae		
0.67	Eukaryota	Fungi	Ascomycota	Saccharomycetes	Saccharomycetales	Saccharomycetaceae		
0.69	Eukaryota	Fungi	Ascomycota	Saccharomycetes	Saccharomycetales	Saccharomycetaceae		
0.86	Eukaryota	Fungi	Ascomycota	Saccharomycetes	Saccharomycetales	Saccharomycetaceae		
1.47	Eukaryota	Fungi	Ascomycota	Saccharomycetes	Saccharomycetales	Saccharomycetaceae		
1.65	Eukaryota	Fungi	Ascomycota	Saccharomycetes	Saccharomycetales	Saccharomycetaceae		
8.63	Eukaryota	Fungi	Ascomycota	Saccharomycetes	Saccharomycetales	Saccharomycetaceae		
9.02	Eukaryota	Fungi	Ascomycota	Saccharomycetes	Saccharomycetales	Saccharomycetaceae		
3.01	Eukaryota	Fungi	Ascomycota	Saccharomycetes	Saccharomycetales	Saccharomycetaceae		
37.27	Eukaryota	Fungi	Ascomycota	Saccharomycetes	Saccharomycetales	Saccharomycetaceae	Saccharomyces	
0.98	Eukaryota	Fungi	Ascomycota	Saccharomycetes	Saccharomycetales	Saccharomycetaceae		
1.74	Eukaryota	Fungi	Ascomycota	Saccharomycetes	Saccharomycetales	Saccharomycetaceae		
12.43	Bacteria		Firmicutes	Bacilli	Bacillales	Bacillaceae	Bacillus	
2.29	Bacteria		Proteobacteria	Gammaproteobacteria	Pseudomonadales	Pseudomonadaceae		
4.63	Eukaryota	Fungi	Ascomycota	Saccharomycetes	Saccharomycetales	Saccharomycetaceae		
7.21	Eukaryota	Fungi	Ascomycota	Saccharomycetes	Saccharomycetales	Saccharomycetaceae		
0.61	Eukaryota	Fungi	Ascomycota	Saccharomycetes	Saccharomycetales	Saccharomycetaceae		
0.82	Eukaryota	Fungi	Ascomycota	Saccharomycetes	Saccharomycetales	Saccharomycetaceae		
48.28	Eukaryota	Fungi	Ascomycota	Saccharomycetes	Saccharomycetales	Saccharomycetaceae	Saccharomyces	Saccharomyces cerevisiae
4.45	Bacteria		Proteobacteria	Gammaproteobacteria	Enterobacterales	Enterobacteriaceae		
0.8	Bacteria		Firmicutes	Bacilli	Lactobacillales	Lactobacillaceae		
27.79	Eukaryota	Fungi	Basidiomycota	Tremellomycetes	Cystofilobasidiales	Mrakiaceae	Phaffia	
53.02	Bacteria		Firmicutes	Bacilli	Bacillales	Staphylococcaceae	Staphylococcus	Staphylococcus aureus
2.3	Eukaryota	Fungi	Ascomycota	Saccharomycetes	Saccharomycetales	Saccharomycetaceae		
5.22	Eukaryota	Fungi	Ascomycota	Saccharomycetes	Saccharomycetales	Saccharomycetaceae		
0.83	Bacteria		Firmicutes	Bacilli	Lactobacillales	Lactobacillaceae	Limosilactobacillus	
0.61	Eukaryota	Fungi	Ascomycota	Saccharomycetes	Saccharomycetales	Saccharomycetaceae		
6.62	Eukaryota	Fungi	Ascomycota	Saccharomycetes	Saccharomycetales	Saccharomycetaceae	Saccharomyces	
2.22	Eukaryota	Fungi	Ascomycota	Saccharomycetes	Saccharomycetales	Saccharomycetaceae		
1.1	Eukaryota	Fungi	Ascomycota	Saccharomycetes	Saccharomycetales	Saccharomycetaceae		
1.88	Eukaryota	Fungi	Ascomycota	Saccharomycetes	Saccharomycetales	Saccharomycetaceae		
3.17	Eukaryota	Fungi	Ascomycota	Saccharomycetes	Saccharomycetales	Saccharomycetaceae		
1.51	Eukaryota	Fungi	Ascomycota	Saccharomycetes	Saccharomycetales	Saccharomycetaceae		
1.16	Eukaryota	Fungi	Ascomycota	Saccharomycetes	Saccharomycetales	Saccharomycetaceae		
1.51	Eukaryota	Fungi	Ascomycota	Saccharomycetes	Saccharomycetales	Saccharomycetaceae		
2.01	Eukaryota	Fungi	Ascomycota	Saccharomycetes	Saccharomycetales	Saccharomycetaceae		
6.84	Eukaryota	Fungi	Ascomycota	Saccharomycetes	Saccharomycetales	Saccharomycetaceae	Saccharomyces	
4.18	Eukaryota	Fungi	Ascomycota	Saccharomycetes	Saccharomycetales	Saccharomycetaceae		
3.11	Eukaryota	Fungi	Ascomycota	Saccharomycetes	Saccharomycetales	Saccharomycetaceae		
1.47	Eukaryota	Fungi	Ascomycota	Saccharomycetes	Saccharomycetales	Saccharomycetaceae		
1.11	Eukaryota	Fungi	Ascomycota	Saccharomycetes	Saccharomycetales	Saccharomycetaceae		
45.78	Bacteria		Firmicutes	Bacilli	Lactobacillales	Lactobacillaceae	Limosilactobacillus	
2.0	Bacteria		Proteobacteria	Gammaproteobacteria	Enterobacterales	Enterobacteriaceae		
1.42	Eukaryota	Fungi	Ascomycota	Saccharomycetes	Saccharomycetales	Saccharomycetaceae		
11.83	Eukaryota	Fungi	Ascomycota	Saccharomycetes	Saccharomycetales	Saccharomycetaceae		
1.85	Bacteria		Firmicutes	Bacilli	Bacillales	Listeriaceae		
2.92	Bacteria		Proteobacteria	Gammaproteobacteria	Pseudomonadales	Pseudomonadaceae		
0.8	Bacteria							
0.72	Bacteria							
1.06	Bacteria							
0.85	Bacteria							
0.4	Bacteria		Firmicutes	Bacilli	Bacillales	Staphylococcaceae		
3.98	Bacteria		Proteobacteria	Gammaproteobacteria	Pseudomonadales	Pseudomonadaceae		
4.72	Bacteria		Firmicutes	Bacilli	Bacillales	Listeriaceae		
1.76	Bacteria		Proteobacteria	Gammaproteobacteria	Pseudomonadales	Pseudomonadaceae		
0.64	Bacteria		Firmicutes	Bacilli	Bacillales	Staphylococcaceae		
1.36	Bacteria		Firmicutes	Bacilli	Bacillales	Staphylococcaceae		
0.66	Eukaryota	Fungi	Ascomycota	Saccharomycetes	Saccharomycetales	Saccharomycetaceae		
0.76	Eukaryota	Fungi	Ascomycota	Saccharomycetes	Saccharomycetales	Saccharomycetaceae		
0.77	Eukaryota	Fungi	Ascomycota	Saccharomycetes	Saccharomycetales	Saccharomycetaceae		
0.91	Eukaryota	Fungi	Ascomycota	Saccharomycetes	Saccharomycetales	Saccharomycetaceae		
0.69	Eukaryota	Fungi	Ascomycota	Saccharomycetes	Saccharomycetales	Saccharomycetaceae		
0.65	Eukaryota	Fungi	Ascomycota	Saccharomycetes	Saccharomycetales	Saccharomycetaceae		
2.03	Bacteria		Proteobacteria	Gammaproteobacteria	Pseudomonadales	Pseudomonadaceae		
22.51	Bacteria		Firmicutes	Bacilli	Bacillales	Listeriaceae		
7.31	Bacteria		Firmicutes	Bacilli	Bacillales	Listeriaceae		
1.69	Bacteria		Proteobacteria	Gammaproteobacteria	Enterobacterales	Enterobacteriaceae		
8.02	Bacteria		Firmicutes	Bacilli	Bacillales	Staphylococcaceae	Staphylococcus	
286.19	Bacteria		Firmicutes	Bacilli	Bacillales	Staphylococcaceae	Staphylococcus	Staphylococcus aureus
21.38	Bacteria		Firmicutes	Bacilli	Bacillales	Staphylococcaceae	Staphylococcus	Staphylococcus aureus
395.69	Bacteria		Firmicutes	Bacilli	Bacillales	Staphylococcaceae	Staphylococcus	Staphylococcus aureus
611.29	Bacteria		Firmicutes	Bacilli	Bacillales	Staphylococcaceae	Staphylococcus	
83.74	Bacteria		Firmicutes	Bacilli	Bacillales	Listeriaceae	Listeria	Listeria monocytogenes
2.87	Bacteria		Proteobacteria	Gammaproteobacteria	Pseudomonadales	Pseudomonadaceae		
1.73	Bacteria		Proteobacteria	Gammaproteobacteria	Pseudomonadales	Pseudomonadaceae		
0.74	Bacteria		Proteobacteria	Gammaproteobacteria	Pseudomonadales	Pseudomonadaceae		
1.48	Bacteria		Proteobacteria	Gammaproteobacteria	Pseudomonadales	Pseudomonadaceae		
2.62	Bacteria		Proteobacteria	Gammaproteobacteria	Pseudomonadales	Pseudomonadaceae		
4.18	Bacteria		Proteobacteria	Gammaproteobacteria	Pseudomonadales	Pseudomonadaceae		
3.89	Bacteria		Proteobacteria	Gammaproteobacteria	Pseudomonadales	Pseudomonadaceae		
1.44	Bacteria		Proteobacteria	Gammaproteobacteria	Pseudomonadales	Pseudomonadaceae		
0.87	Bacteria		Proteobacteria	Gammaproteobacteria	Enterobacterales	Enterobacteriaceae		
0.81	Bacteria		Proteobacteria	Gammaproteobacteria	Enterobacterales	Enterobacteriaceae		
1.11	Bacteria							
0.87	Bacteria		Firmicutes	Bacilli	Lactobacillales	Lactobacillaceae		
2.16	Bacteria		Proteobacteria	Gammaproteobacteria	Enterobacterales	Enterobacteriaceae		
2.46	Bacteria		Proteobacteria	Gammaproteobacteria	Enterobacterales	Enterobacteriaceae		
2.15	Bacteria		Proteobacteria	Gammaproteobacteria	Enterobacterales	Enterobacteriaceae		
2.33	Bacteria		Proteobacteria	Gammaproteobacteria	Enterobacterales	Enterobacteriaceae		
2.16	Bacteria		Proteobacteria	Gammaproteobacteria	Enterobacterales	Enterobacteriaceae	Escherichia	
2.22	Bacteria							
23.7	Bacteria		Proteobacteria	Gammaproteobacteria	Enterobacterales	Enterobacteriaceae		
2.32	Eukaryota	Fungi	Ascomycota	Saccharomycetes	Saccharomycetales	Saccharomycetaceae		
2.61	Bacteria		Proteobacteria	Gammaproteobacteria	Pseudomonadales	Pseudomonadaceae		
0.76	Bacteria		Proteobacteria	Gammaproteobacteria	Enterobacterales	Enterobacteriaceae		
1.26	Bacteria		Firmicutes	Bacilli	Bacillales	Staphylococcaceae		
0.7	Bacteria		Firmicutes	Bacilli	Bacillales	Staphylococcaceae		
0.71	Eukaryota	Fungi	Ascomycota	Saccharomycetes	Saccharomycetales	Saccharomycetaceae		
2.11	Eukaryota	Fungi	Ascomycota	Saccharomycetes	Saccharomycetales	Saccharomycetaceae		
1.02	Eukaryota	Fungi	Ascomycota	Saccharomycetes	Saccharomycetales	Saccharomycetaceae		
1.0	Eukaryota	Fungi	Ascomycota	Saccharomycetes	Saccharomycetales	Saccharomycetaceae		
0.81	Eukaryota	Fungi	Ascomycota	Saccharomycetes	Saccharomycetales	Saccharomycetaceae		
1.29	Eukaryota	Fungi	Ascomycota	Saccharomycetes	Saccharomycetales	Saccharomycetaceae		
1.05	Eukaryota	Fungi	Ascomycota	Saccharomycetes	Saccharomycetales	Saccharomycetaceae		
4.15	Eukaryota	Fungi	Ascomycota	Saccharomycetes	Saccharomycetales	Saccharomycetaceae	Saccharomyces	
0.58	Eukaryota	Fungi	Ascomycota	Saccharomycetes	Saccharomycetales	Saccharomycetaceae		
1.12	Eukaryota	Fungi	Ascomycota	Saccharomycetes	Saccharomycetales	Saccharomycetaceae		
4.67	Eukaryota	Fungi	Ascomycota	Saccharomycetes	Saccharomycetales	Saccharomycetaceae		
1.34	Eukaryota	Fungi	Ascomycota	Saccharomycetes	Saccharomycetales	Saccharomycetaceae		
1.25	Eukaryota	Fungi	Ascomycota	Saccharomycetes	Saccharomycetales	Saccharomycetaceae		
0.95	Eukaryota	Fungi	Ascomycota	Saccharomycetes	Saccharomycetales	Saccharomycetaceae		
0.89	Eukaryota	Fungi	Ascomycota	Saccharomycetes	Saccharomycetales	Saccharomycetaceae		
15.04	Eukaryota	Fungi	Ascomycota	Saccharomycetes	Saccharomycetales	Saccharomycetaceae	Saccharomyces	
1.28	Eukaryota	Fungi	Ascomycota	Saccharomycetes	Saccharomycetales	Saccharomycetaceae		
0.9	Eukaryota	Fungi	Ascomycota	Saccharomycetes	Saccharomycetales	Saccharomycetaceae		
2.19	Eukaryota	Fungi	Ascomycota	Saccharomycetes	Saccharomycetales	Saccharomycetaceae		
0.81	Eukaryota	Fungi	Ascomycota	Saccharomycetes	Saccharomycetales	Saccharomycetaceae		
1.22	Eukaryota	Fungi	Ascomycota	Saccharomycetes	Saccharomycetales	Saccharomycetaceae		
0.89	Eukaryota	Fungi	Ascomycota	Saccharomycetes	Saccharomycetales	Saccharomycetaceae		
0.8	Eukaryota	Fungi	Ascomycota	Saccharomycetes	Saccharomycetales	Saccharomycetaceae		
0.72	Bacteria		Firmicutes	Bacilli	Lactobacillales	Lactobacillaceae		
1.6	Eukaryota	Fungi	Ascomycota	Saccharomycetes	Saccharomycetales	Saccharomycetaceae		
0.79	Eukaryota	Fungi	Ascomycota	Saccharomycetes	Saccharomycetales	Saccharomycetaceae		
0.89	Eukaryota	Fungi	Ascomycota	Saccharomycetes	Saccharomycetales	Saccharomycetaceae		
0.72	Eukaryota	Fungi	Ascomycota	Saccharomycetes	Saccharomycetales	Saccharomycetaceae		
1.66	Bacteria		Proteobacteria	Gammaproteobacteria	Pseudomonadales	Pseudomonadaceae		
1.35	Eukaryota	Fungi	Ascomycota	Saccharomycetes	Saccharomycetales	Saccharomycetaceae		
0.76	Eukaryota	Fungi	Ascomycota	Saccharomycetes	Saccharomycetales	Saccharomycetaceae		
0.9	Eukaryota	Fungi	Ascomycota	Saccharomycetes	Saccharomycetales	Saccharomycetaceae		
4.12	Bacteria		Proteobacteria	Gammaproteobacteria	Enterobacterales	Enterobacteriaceae		
1.24	Eukaryota	Fungi	Ascomycota	Saccharomycetes	Saccharomycetales	Saccharomycetaceae		
1.01	Eukaryota	Fungi	Ascomycota	Saccharomycetes	Saccharomycetales	Saccharomycetaceae		
2.03	Eukaryota	Fungi	Ascomycota	Saccharomycetes	Saccharomycetales	Saccharomycetaceae		
0.6	Eukaryota	Fungi	Ascomycota	Saccharomycetes	Saccharomycetales	Saccharomycetaceae		
1.09	Eukaryota	Fungi	Ascomycota	Saccharomycetes	Saccharomycetales	Saccharomycetaceae		
2.81	Bacteria		Firmicutes	Bacilli	Lactobacillales	Enterococcaceae		
0.79	Bacteria		Firmicutes	Bacilli	Lactobacillales	Enterococcaceae		
1.11	Bacteria		Firmicutes	Bacilli	Bacillales	Staphylococcaceae		
1.04	Bacteria		Firmicutes	Bacilli	Bacillales	Staphylococcaceae		
3.59	Bacteria		Firmicutes	Bacilli	Bacillales	Staphylococcaceae	Staphylococcus	Staphylococcus aureus
2.73	Bacteria		Proteobacteria	Gammaproteobacteria	Pseudomonadales	Pseudomonadaceae		
1.12	Eukaryota	Fungi	Ascomycota	Saccharomycetes	Saccharomycetales	Saccharomycetaceae		
2.32	Bacteria		Proteobacteria	Gammaproteobacteria	Enterobacterales	Enterobacteriaceae		
13.58	Bacteria		Firmicutes	Bacilli	Lactobacillales	Lactobacillaceae		
0.7	Bacteria		Proteobacteria	Gammaproteobacteria	Enterobacterales	Enterobacteriaceae		
0.93	Bacteria		Proteobacteria	Gammaproteobacteria	Pseudomonadales	Pseudomonadaceae		
1.2	Bacteria		Proteobacteria	Gammaproteobacteria	Pseudomonadales	Pseudomonadaceae		
4.89	Bacteria		Firmicutes	Bacilli	Lactobacillales	Lactobacillaceae		
10.78	Bacteria		Firmicutes	Bacilli	Lactobacillales	Lactobacillaceae		
1.55	Eukaryota	Fungi	Ascomycota	Saccharomycetes	Saccharomycetales	Saccharomycetaceae		
3.17	Bacteria		Proteobacteria	Gammaproteobacteria	Enterobacterales	Enterobacteriaceae		
2.23	Bacteria		Firmicutes	Bacilli	Lactobacillales	Enterococcaceae		
2.54	Bacteria		Proteobacteria	Gammaproteobacteria	Pseudomonadales	Pseudomonadaceae		
0.7	Eukaryota	Fungi	Ascomycota	Saccharomycetes	Saccharomycetales	Saccharomycetaceae		
1.8	Eukaryota	Fungi	Ascomycota	Saccharomycetes	Saccharomycetales	Saccharomycetaceae		
1.31	Eukaryota	Fungi	Ascomycota	Saccharomycetes	Saccharomycetales	Saccharomycetaceae		
12.41	Bacteria		Firmicutes	Bacilli	Lactobacillales	Enterococcaceae		
0.75	Bacteria		Proteobacteria	Gammaproteobacteria	Enterobacterales	Enterobacteriaceae		
1.94	Bacteria		Proteobacteria	Gammaproteobacteria	Enterobacterales	Enterobacteriaceae		
18.73	Bacteria		Proteobacteria	Gammaproteobacteria	Enterobacterales	Enterobacteriaceae		
1.55	Bacteria		Firmicutes	Bacilli	Lactobacillales	Enterococcaceae		
2.95	Bacteria		Proteobacteria	Gammaproteobacteria	Pseudomonadales	Pseudomonadaceae		
1.03	Bacteria		Proteobacteria	Gammaproteobacteria	Enterobacterales	Enterobacteriaceae		
7.37	Bacteria		Proteobacteria	Gammaproteobacteria	Enterobacterales	Enterobacteriaceae		
2.48	Bacteria		Proteobacteria	Gammaproteobacteria	Enterobacterales	Enterobacteriaceae		
2.05	Bacteria		Proteobacteria	Gammaproteobacteria	Enterobacterales	Enterobacteriaceae		
1.38	Bacteria		Proteobacteria	Gammaproteobacteria	Enterobacterales	Enterobacteriaceae		
0.86	Bacteria		Proteobacteria	Gammaproteobacteria	Enterobacterales	Enterobacteriaceae		
1.75	Bacteria		Proteobacteria	Gammaproteobacteria	Enterobacterales	Enterobacteriaceae		
2.11	Eukaryota	Fungi	Ascomycota	Saccharomycetes	Saccharomycetales	Saccharomycetaceae		
0.77	Eukaryota	Fungi	Ascomycota	Saccharomycetes	Saccharomycetales	Saccharomycetaceae		
1.49	Eukaryota	Fungi	Ascomycota	Saccharomycetes	Saccharomycetales	Saccharomycetaceae		
1.22	Eukaryota	Fungi	Ascomycota	Saccharomycetes	Saccharomycetales	Saccharomycetaceae		
0.74	Bacteria		Firmicutes	Bacilli	Bacillales	Staphylococcaceae		
1.23	Bacteria		Firmicutes	Bacilli	Lactobacillales	Lactobacillaceae		
0.67	Bacteria		Proteobacteria	Gammaproteobacteria	Enterobacterales	Enterobacteriaceae		
19.6	Bacteria		Firmicutes	Bacilli	Lactobacillales	Enterococcaceae		
0.63	Bacteria		Proteobacteria	Gammaproteobacteria	Enterobacterales	Enterobacteriaceae		
14.48	Bacteria		Firmicutes	Bacilli	Lactobacillales	Lactobacillaceae		
1.3	Bacteria		Proteobacteria	Gammaproteobacteria	Enterobacterales	Enterobacteriaceae		
0.7	Eukaryota	Fungi	Ascomycota	Saccharomycetes	Saccharomycetales	Saccharomycetaceae		
3.64	Bacteria		Proteobacteria	Gammaproteobacteria	Pseudomonadales	Pseudomonadaceae		
2.53	Bacteria		Firmicutes	Bacilli	Lactobacillales	Lactobacillaceae		
0.85	Bacteria		Firmicutes	Bacilli	Bacillales	Staphylococcaceae		
6.48	Bacteria		Firmicutes	Bacilli	Lactobacillales	Enterococcaceae		
5.0	Bacteria		Firmicutes	Bacilli	Bacillales	Listeriaceae		
2.3	Bacteria		Firmicutes	Bacilli	Bacillales	Listeriaceae		
0.75	Bacteria		Proteobacteria	Gammaproteobacteria	Enterobacterales	Enterobacteriaceae		
0.64	Bacteria		Proteobacteria	Gammaproteobacteria	Enterobacterales	Enterobacteriaceae	Escherichia	
2.24	Bacteria		Proteobacteria	Gammaproteobacteria	Enterobacterales	Enterobacteriaceae		
1.92	Bacteria		Proteobacteria	Gammaproteobacteria	Enterobacterales	Enterobacteriaceae		
0.27	Bacteria		Proteobacteria	Gammaproteobacteria	Enterobacterales	Enterobacteriaceae		
553.14	Bacteria		Firmicutes	Bacilli	Bacillales	Listeriaceae	Listeria	Listeria monocytogenes
1.16	Bacteria		Firmicutes	Bacilli	Bacillales	Listeriaceae		
21.85	Bacteria		Firmicutes	Bacilli	Lactobacillales	Lactobacillaceae		
2.3	Bacteria		Firmicutes	Bacilli	Bacillales	Listeriaceae		
0.97	Eukaryota	Fungi	Ascomycota	Saccharomycetes	Saccharomycetales	Saccharomycetaceae		
0.93	Eukaryota	Fungi	Ascomycota	Saccharomycetes	Saccharomycetales	Saccharomycetaceae		
0.76	Eukaryota	Fungi	Ascomycota	Saccharomycetes	Saccharomycetales	Saccharomycetaceae		
1.1	Eukaryota	Fungi	Ascomycota	Saccharomycetes	Saccharomycetales	Saccharomycetaceae		
0.72	Eukaryota	Fungi	Ascomycota	Saccharomycetes	Saccharomycetales	Saccharomycetaceae		
0.98	Eukaryota	Fungi	Ascomycota	Saccharomycetes	Saccharomycetales	Saccharomycetaceae		
1.04	Eukaryota	Fungi	Ascomycota	Saccharomycetes	Saccharomycetales	Saccharomycetaceae		
57.77	Bacteria		Proteobacteria	Gammaproteobacteria	Enterobacterales	Enterobacteriaceae		
2.24	Bacteria		Firmicutes	Bacilli	Lactobacillales	Lactobacillaceae	Limosilactobacillus	
2.05	Bacteria		Proteobacteria	Gammaproteobacteria	Enterobacterales	Enterobacteriaceae		
1.92	Bacteria		Proteobacteria	Gammaproteobacteria	Pseudomonadales	Pseudomonadaceae		
308.07	Bacteria		Firmicutes	Bacilli	Bacillales	Staphylococcaceae	Staphylococcus	Staphylococcus aureus
5.87	Bacteria		Proteobacteria	Gammaproteobacteria	Enterobacterales	Enterobacteriaceae		
1.7	Bacteria		Proteobacteria	Gammaproteobacteria	Pseudomonadales	Pseudomonadaceae		
4.4	Bacteria		Proteobacteria	Gammaproteobacteria	Pseudomonadales	Pseudomonadaceae		
6.44	Bacteria		Proteobacteria	Gammaproteobacteria	Pseudomonadales	Pseudomonadaceae		
2.1	Bacteria		Proteobacteria	Gammaproteobacteria	Pseudomonadales	Pseudomonadaceae		
8.25	Bacteria		Proteobacteria	Gammaproteobacteria	Pseudomonadales	Pseudomonadaceae		
1.93	Bacteria		Proteobacteria	Gammaproteobacteria	Pseudomonadales	Pseudomonadaceae		
1.32	Bacteria		Proteobacteria	Gammaproteobacteria	Pseudomonadales	Pseudomonadaceae		
2.6	Bacteria		Proteobacteria	Gammaproteobacteria	Pseudomonadales	Pseudomonadaceae		
1.33	Bacteria		Proteobacteria	Gammaproteobacteria	Pseudomonadales	Pseudomonadaceae		
1.41	Bacteria		Firmicutes	Bacilli	Bacillales	Listeriaceae		
2.31	Bacteria		Proteobacteria	Gammaproteobacteria	Enterobacterales	Enterobacteriaceae		
0.97	Bacteria		Proteobacteria	Gammaproteobacteria	Enterobacterales	Enterobacteriaceae		
0.69	Bacteria		Proteobacteria	Gammaproteobacteria	Enterobacterales	Enterobacteriaceae		
1.54	Bacteria		Proteobacteria	Gammaproteobacteria	Pseudomonadales	Pseudomonadaceae		
6.15	Bacteria		Proteobacteria	Gammaproteobacteria	Pseudomonadales	Pseudomonadaceae		
2.04	Bacteria		Proteobacteria	Gammaproteobacteria	Pseudomonadales	Pseudomonadaceae		
1.23	Bacteria		Proteobacteria	Gammaproteobacteria	Pseudomonadales	Pseudomonadaceae		
114.6	Bacteria		Firmicutes	Bacilli	Lactobacillales	Lactobacillaceae	Limosilactobacillus	
1.58	Bacteria		Proteobacteria	Gammaproteobacteria	Enterobacterales	Enterobacteriaceae		
4.19	Bacteria		Firmicutes	Bacilli	Lactobacillales	Lactobacillaceae		
9.9	Bacteria		Firmicutes	Bacilli	Lactobacillales	Enterococcaceae		
0.99	Bacteria		Firmicutes	Bacilli	Lactobacillales	Lactobacillaceae		
5.47	Bacteria		Firmicutes	Bacilli	Lactobacillales	Enterococcaceae		
55.6	Bacteria		Firmicutes	Bacilli	Lactobacillales	Lactobacillaceae	Limosilactobacillus	
1.82	Bacteria		Proteobacteria	Gammaproteobacteria	Pseudomonadales	Pseudomonadaceae		
360.25	Bacteria		Firmicutes	Bacilli	Lactobacillales	Lactobacillaceae	Limosilactobacillus	Limosilactobacillus fermentum
1.51	Bacteria		Firmicutes	Bacilli	Bacillales	Staphylococcaceae		
1.53	Bacteria		Proteobacteria	Gammaproteobacteria	Pseudomonadales	Pseudomonadaceae		
1.22	Bacteria		Proteobacteria	Gammaproteobacteria	Pseudomonadales	Pseudomonadaceae		
9.86	Bacteria		Firmicutes	Bacilli	Lactobacillales	Enterococcaceae		
1.43	Bacteria		Proteobacteria	Gammaproteobacteria	Enterobacterales	Enterobacteriaceae		
1.64	Bacteria		Firmicutes	Bacilli	Bacillales	Listeriaceae		
1.98	Bacteria		Firmicutes	Bacilli	Bacillales	Listeriaceae		
2.32	Bacteria		Firmicutes	Bacilli	Bacillales	Listeriaceae		
5.8	Bacteria		Proteobacteria	Gammaproteobacteria	Enterobacterales	Enterobacteriaceae		
2.33	Bacteria		Proteobacteria	Gammaproteobacteria	Pseudomonadales	Pseudomonadaceae		
2.08	Bacteria		Firmicutes	Bacilli	Lactobacillales	Lactobacillaceae		
4.88	Eukaryota	Fungi	Basidiomycota	Tremellomycetes	Tremellales	Cryptococcaceae	Cryptococcus	
6.87	Eukaryota	Fungi	Basidiomycota	Tremellomycetes	Tremellales	Cryptococcaceae	Cryptococcus	
5.06	Eukaryota	Fungi	Basidiomycota	Tremellomycetes	Tremellales	Cryptococcaceae	Cryptococcus	
2.94	Eukaryota	Fungi	Basidiomycota	Tremellomycetes	Tremellales	Cryptococcaceae	Cryptococcus	
4.68	Eukaryota	Fungi	Basidiomycota	Tremellomycetes	Tremellales	Cryptococcaceae	Cryptococcus	
9.21	Eukaryota	Fungi	Basidiomycota	Tremellomycetes	Tremellales	Cryptococcaceae	Cryptococcus	Cryptococcus neoformans
10.07	Eukaryota	Fungi	Basidiomycota	Tremellomycetes	Tremellales	Cryptococcaceae	Cryptococcus	Cryptococcus neoformans
1.63	Eukaryota	Fungi	Basidiomycota	Tremellomycetes	Tremellales			
2.62	Bacteria		Proteobacteria	Gammaproteobacteria	Enterobacterales	Enterobacteriaceae		
5.14	Bacteria		Firmicutes	Bacilli	Lactobacillales	Enterococcaceae		
25.91	Bacteria		Firmicutes	Bacilli	Lactobacillales	Lactobacillaceae	Limosilactobacillus	
1.32	Bacteria		Proteobacteria	Gammaproteobacteria	Enterobacterales	Enterobacteriaceae		
0.67	Bacteria		Proteobacteria	Gammaproteobacteria	Enterobacterales	Enterobacteriaceae		
1.96	Bacteria		Firmicutes	Bacilli	Lactobacillales	Lactobacillaceae		
1.35	Bacteria		Firmicutes	Bacilli	Bacillales	Bacillaceae		
1.75	Bacteria		Proteobacteria	Gammaproteobacteria	Enterobacterales	Enterobacteriaceae		
0.95	Bacteria		Proteobacteria	Gammaproteobacteria	Enterobacterales	Enterobacteriaceae		
1.46	Bacteria		Proteobacteria	Gammaproteobacteria	Enterobacterales	Enterobacteriaceae		
1.29	Bacteria		Firmicutes	Bacilli	Lactobacillales	Lactobacillaceae		
2.13	Bacteria		Proteobacteria	Gammaproteobacteria	Enterobacterales	Enterobacteriaceae		
0.73	Bacteria		Proteobacteria	Gammaproteobacteria	Enterobacterales	Enterobacteriaceae		
0.7	Bacteria		Proteobacteria	Gammaproteobacteria	Enterobacterales	Enterobacteriaceae		
410.69	Bacteria		Firmicutes	Bacilli	Bacillales	Listeriaceae	Listeria	Listeria monocytogenes
0.58	Bacteria		Proteobacteria	Gammaproteobacteria	Enterobacterales	Enterobacteriaceae		
0.8	Bacteria		Proteobacteria	Gammaproteobacteria	Enterobacterales	Enterobacteriaceae		
2.66	Bacteria		Proteobacteria	Gammaproteobacteria	Pseudomonadales	Pseudomonadaceae		
3.32	Bacteria		Firmicutes	Bacilli	Lactobacillales	Enterococcaceae		
0.82	Bacteria		Proteobacteria	Gammaproteobacteria	Pseudomonadales	Pseudomonadaceae		
15.3	Bacteria							
1.38	Bacteria		Proteobacteria	Gammaproteobacteria	Pseudomonadales	Pseudomonadaceae		
0.85	Bacteria							
0.75	Bacteria		Firmicutes	Bacilli	Lactobacillales	Lactobacillaceae		
28.28	Bacteria		Firmicutes	Bacilli	Bacillales	Staphylococcaceae	Staphylococcus	
1.84	Bacteria		Firmicutes	Bacilli	Bacillales	Staphylococcaceae		
0.63	Bacteria		Proteobacteria	Gammaproteobacteria	Enterobacterales	Enterobacteriaceae		
1.31	Bacteria		Proteobacteria	Gammaproteobacteria	Enterobacterales	Enterobacteriaceae		
23.24	Bacteria		Firmicutes	Bacilli	Lactobacillales	Lactobacillaceae	Limosilactobacillus	
24.61	Bacteria		Proteobacteria	Gammaproteobacteria	Enterobacterales	Enterobacteriaceae	Escherichia	
0.56	Eukaryota	Fungi	Ascomycota	Saccharomycetes	Saccharomycetales	Saccharomycetaceae		
1.17	Eukaryota	Fungi	Ascomycota	Saccharomycetes	Saccharomycetales	Saccharomycetaceae		
1.03	Eukaryota	Fungi	Ascomycota	Saccharomycetes	Saccharomycetales	Saccharomycetaceae		
6.8	Eukaryota	Fungi	Ascomycota	Saccharomycetes	Saccharomycetales	Saccharomycetaceae		
